<ImportExportXml version="8.1.0000.0512" SolutionPackageVersion="8.1" languagecode="1033" generatedBy="CrmLive" xmlns:xsi="http://www.w3.org/2001/XMLSchema-instance">
  <SolutionManifest>
    <UniqueName>PertempsDriverTraining2</UniqueName>
    <LocalizedNames>
      <LocalizedName description="Pertemps Driver Training 2" languagecode="1033" />
    </LocalizedNames>
    <Descriptions>
      <Description description="Pertemps Driver Training Build 2 V 1.2.0.0 Pre Go Live" languagecode="1033" />
    </Descriptions>
    <Version>1.2.0.0</Version>
    <Managed>0</Managed>
    <Publisher>
      <UniqueName>esos</UniqueName>
      <LocalizedNames>
        <LocalizedName description="ESOS" languagecode="1033" />
      </LocalizedNames>
      <Descriptions />
      <EMailAddress xsi:nil="true"></EMailAddress>
      <SupportingWebsiteUrl xsi:nil="true"></SupportingWebsiteUrl>
      <CustomizationPrefix>pdt</CustomizationPrefix>
      <CustomizationOptionValuePrefix>74970</CustomizationOptionValuePrefix>
      <Addresses>
        <Address>
          <AddressNumber>1</AddressNumber>
          <AddressTypeCode>1</AddressTypeCode>
          <City xsi:nil="true"></City>
          <County xsi:nil="true"></County>
          <Country xsi:nil="true"></Country>
          <Fax xsi:nil="true"></Fax>
          <FreightTermsCode xsi:nil="true"></FreightTermsCode>
          <ImportSequenceNumber xsi:nil="true"></ImportSequenceNumber>
          <Latitude xsi:nil="true"></Latitude>
          <Line1 xsi:nil="true"></Line1>
          <Line2 xsi:nil="true"></Line2>
          <Line3 xsi:nil="true"></Line3>
          <Longitude xsi:nil="true"></Longitude>
          <Name xsi:nil="true"></Name>
          <PostalCode xsi:nil="true"></PostalCode>
          <PostOfficeBox xsi:nil="true"></PostOfficeBox>
          <PrimaryContactName xsi:nil="true"></PrimaryContactName>
          <ShippingMethodCode>1</ShippingMethodCode>
          <StateOrProvince xsi:nil="true"></StateOrProvince>
          <Telephone1 xsi:nil="true"></Telephone1>
          <Telephone2 xsi:nil="true"></Telephone2>
          <Telephone3 xsi:nil="true"></Telephone3>
          <TimeZoneRuleVersionNumber xsi:nil="true"></TimeZoneRuleVersionNumber>
          <UPSZone xsi:nil="true"></UPSZone>
          <UTCOffset xsi:nil="true"></UTCOffset>
          <UTCConversionTimeZoneCode xsi:nil="true"></UTCConversionTimeZoneCode>
        </Address>
        <Address>
          <AddressNumber>2</AddressNumber>
          <AddressTypeCode>1</AddressTypeCode>
          <City xsi:nil="true"></City>
          <County xsi:nil="true"></County>
          <Country xsi:nil="true"></Country>
          <Fax xsi:nil="true"></Fax>
          <FreightTermsCode xsi:nil="true"></FreightTermsCode>
          <ImportSequenceNumber xsi:nil="true"></ImportSequenceNumber>
          <Latitude xsi:nil="true"></Latitude>
          <Line1 xsi:nil="true"></Line1>
          <Line2 xsi:nil="true"></Line2>
          <Line3 xsi:nil="true"></Line3>
          <Longitude xsi:nil="true"></Longitude>
          <Name xsi:nil="true"></Name>
          <PostalCode xsi:nil="true"></PostalCode>
          <PostOfficeBox xsi:nil="true"></PostOfficeBox>
          <PrimaryContactName xsi:nil="true"></PrimaryContactName>
          <ShippingMethodCode>1</ShippingMethodCode>
          <StateOrProvince xsi:nil="true"></StateOrProvince>
          <Telephone1 xsi:nil="true"></Telephone1>
          <Telephone2 xsi:nil="true"></Telephone2>
          <Telephone3 xsi:nil="true"></Telephone3>
          <TimeZoneRuleVersionNumber xsi:nil="true"></TimeZoneRuleVersionNumber>
          <UPSZone xsi:nil="true"></UPSZone>
          <UTCOffset xsi:nil="true"></UTCOffset>
          <UTCConversionTimeZoneCode xsi:nil="true"></UTCConversionTimeZoneCode>
        </Address>
      </Addresses>
    </Publisher>
    <RootComponents>
      <RootComponent type="1" schemaName="account" behavior="0" />
      <RootComponent type="1" schemaName="annotation" behavior="1" />
      <RootComponent type="1" schemaName="contact" behavior="0" />
      <RootComponent type="1" schemaName="invoice" behavior="1" />
      <RootComponent type="1" schemaName="invoicedetail" behavior="1" />
      <RootComponent type="1" schemaName="orderclose" behavior="1" />
      <RootComponent type="1" schemaName="pdt_feedback" behavior="0" />
      <RootComponent type="1" schemaName="pdt_qualification" behavior="0" />
      <RootComponent type="1" schemaName="pdt_sequencenumber" behavior="0" />
      <RootComponent type="1" schemaName="pdt_trainerqualification" behavior="0" />
      <RootComponent type="1" schemaName="pdt_trainerscalender" behavior="0" />
      <RootComponent type="1" schemaName="pdt_traininghistory" behavior="0" />
      <RootComponent type="1" schemaName="pricelevel" behavior="0" />
      <RootComponent type="1" schemaName="product" behavior="0" />
      <RootComponent type="1" schemaName="productpricelevel" behavior="0" />
      <RootComponent type="1" schemaName="salesorder" behavior="0" />
      <RootComponent type="1" schemaName="salesorderdetail" behavior="1" />
      <RootComponent type="1" schemaName="systemuser" behavior="0" />
      <RootComponent type="9" schemaName="pdt_cancellationreasons" behavior="0" />
      <RootComponent type="9" schemaName="pdt_coursedurationtype" behavior="0" />
      <RootComponent type="9" schemaName="pdt_coursetype" behavior="0" />
      <RootComponent type="9" schemaName="pdt_declinereason" behavior="0" />
      <RootComponent type="9" schemaName="pdt_invoicerequired" behavior="0" />
      <RootComponent type="9" schemaName="pdt_invoicetype" behavior="0" />
      <RootComponent type="9" schemaName="pdt_reasonfortraining" behavior="0" />
      <RootComponent type="9" schemaName="pdt_region" behavior="0" />
      <RootComponent type="9" schemaName="pdt_score1to5" behavior="0" />
      <RootComponent type="20" id="{0e7befc0-5a22-e611-80ea-d89d67639d08}" behavior="0" />
      <RootComponent type="20" id="{12cd5ef8-0728-e611-80eb-d89d67639d08}" behavior="0" />
      <RootComponent type="20" id="{6abe8658-5d22-e611-80ea-d89d67639d08}" behavior="0" />
      <RootComponent type="20" id="{6d1d925e-4023-e611-80ed-d89d67634e48}" behavior="0" />
      <RootComponent type="20" id="{aec50f81-2b23-e611-80ed-d89d67634e48}" behavior="0" />
      <RootComponent type="20" id="{f7e71a77-5922-e611-80ea-d89d67639d08}" behavior="0" />
      <RootComponent type="29" id="{007bd6ed-1b1c-4a7a-8e07-5cfc635b567b}" behavior="0" />
      <RootComponent type="29" id="{06eed63a-4716-4fa0-8e9c-17a6650399b0}" behavior="0" />
      <RootComponent type="29" id="{088b3fda-61d9-e511-80d7-d89d67641068}" behavior="0" />
      <RootComponent type="29" id="{0b93fbab-1403-e611-80e3-d89d67641068}" behavior="0" />
      <RootComponent type="29" id="{0c5e75f0-35b9-e511-80d6-d89d67639d08}" behavior="0" />
      <RootComponent type="29" id="{0f103ebe-d282-40ff-b5a7-f31b7920c662}" behavior="0" />
      <RootComponent type="29" id="{0f891794-f0ec-e511-80e0-d89d67634e48}" behavior="0" />
      <RootComponent type="29" id="{0fdef3b9-093e-e611-80e4-5065f38bc571}" behavior="0" />
      <RootComponent type="29" id="{16ce6e05-90ca-e511-80d7-d89d67639d08}" behavior="0" />
      <RootComponent type="29" id="{1a4e3698-83d4-48d6-92fc-fc780ce95ac6}" behavior="0" />
      <RootComponent type="29" id="{1d4ff7e1-54ee-468c-b3bd-dc5207d08311}" behavior="0" />
      <RootComponent type="29" id="{1e4daf77-e615-e611-80e7-d89d67639d08}" behavior="0" />
      <RootComponent type="29" id="{2161324d-ae2c-e611-80eb-d89d67639d08}" behavior="0" />
      <RootComponent type="29" id="{233e049a-744e-e611-80e0-5065f38b4671}" behavior="0" />
      <RootComponent type="29" id="{253b61a3-892c-e611-80eb-d89d67639d08}" behavior="0" />
      <RootComponent type="29" id="{26b03a21-b228-e611-80eb-d89d67639d08}" behavior="0" />
      <RootComponent type="29" id="{2fd23023-c875-41f8-b0f2-fafaf19c08c3}" behavior="0" />
      <RootComponent type="29" id="{2fdd5ec9-04ba-e511-80d6-d89d6764365c}" behavior="0" />
      <RootComponent type="29" id="{31cf3321-5cc3-e511-80d7-d89d67639d08}" behavior="0" />
      <RootComponent type="29" id="{3218417e-c6ff-e511-80e5-d89d67639d08}" behavior="0" />
      <RootComponent type="29" id="{34a97a41-b007-484d-9cf0-663687bd7f97}" behavior="0" />
      <RootComponent type="29" id="{384db586-c8ff-e511-80e5-d89d67639d08}" behavior="0" />
      <RootComponent type="29" id="{3bddb110-5d1e-4f49-afe2-a9f1075a1097}" behavior="0" />
      <RootComponent type="29" id="{3f1d6f72-72a8-4cc1-962f-1e88419af546}" behavior="0" />
      <RootComponent type="29" id="{411eadf6-7b6b-e611-80ea-5065f38bc571}" behavior="0" />
      <RootComponent type="29" id="{437e2783-726b-e611-80ea-5065f38bc571}" behavior="0" />
      <RootComponent type="29" id="{46b230e2-8201-e611-80e7-d89d67634e48}" behavior="0" />
      <RootComponent type="29" id="{47a5e1e9-72c3-e511-80d8-d89d6764365c}" behavior="0" />
      <RootComponent type="29" id="{48eff0cb-3c53-49a3-b779-d00b1c8e6b03}" behavior="0" />
      <RootComponent type="29" id="{4a04d8f9-4607-43ac-a0f0-800d8215c13e}" behavior="0" />
      <RootComponent type="29" id="{56520e57-7a01-e611-80e7-d89d67634e48}" behavior="0" />
      <RootComponent type="29" id="{568c0e6e-4447-e611-80df-5065f38b4671}" behavior="0" />
      <RootComponent type="29" id="{585b2b08-583f-4e2b-8b31-7a7c5e5ef562}" behavior="0" />
      <RootComponent type="29" id="{594da08b-7751-470e-acb1-f654ffc7aa2f}" behavior="0" />
      <RootComponent type="29" id="{5fa4c4fa-a1a8-e511-80d2-d89d67639d08}" behavior="0" />
      <RootComponent type="29" id="{64c60765-656f-4625-8f57-b96872091a88}" behavior="0" />
      <RootComponent type="29" id="{659fb569-47c3-e511-80d7-d89d67639d08}" behavior="0" />
      <RootComponent type="29" id="{6fe61b3a-adf0-4312-bbb4-0d53febbc5c1}" behavior="0" />
      <RootComponent type="29" id="{7174d140-15d5-44a2-adf3-6484a70a0afe}" behavior="0" />
      <RootComponent type="29" id="{72ac00b4-9716-e611-80e7-d89d67639d08}" behavior="0" />
      <RootComponent type="29" id="{72da9b2d-0103-e611-80e5-d89d67639d08}" behavior="0" />
      <RootComponent type="29" id="{77d03719-c1ff-e511-80e5-d89d67639d08}" behavior="0" />
      <RootComponent type="29" id="{78e7af7e-14e2-e511-80e1-d89d6764365c}" behavior="0" />
      <RootComponent type="29" id="{79354fcc-a884-4f62-8310-582303a47e69}" behavior="0" />
      <RootComponent type="29" id="{7abf244d-efaf-420e-87f2-7469d98a39af}" behavior="0" />
      <RootComponent type="29" id="{7b94950a-0814-46f2-bbae-c4172e4d134e}" behavior="0" />
      <RootComponent type="29" id="{800df273-f97b-e611-80e6-5065f38adad1}" behavior="0" />
      <RootComponent type="29" id="{81b9112c-f715-4366-99db-fa0dc441faf7}" behavior="0" />
      <RootComponent type="29" id="{85a6740e-a16e-e611-80ea-5065f38bc571}" behavior="0" />
      <RootComponent type="29" id="{941e5734-6f01-e611-80e7-d89d67634e48}" behavior="0" />
      <RootComponent type="29" id="{965058b4-6f6b-e611-80ea-5065f38bc571}" behavior="0" />
      <RootComponent type="29" id="{995c4901-0cd7-e511-80d9-d89d67634e48}" behavior="0" />
      <RootComponent type="29" id="{9babcc02-0b0b-4f13-9bc3-320f14d7cee5}" behavior="0" />
      <RootComponent type="29" id="{9ece4c1b-3124-4c75-9565-de5dbb5a6eb7}" behavior="0" />
      <RootComponent type="29" id="{a17ccdfb-e7d0-e511-80d8-d89d6764365c}" behavior="0" />
      <RootComponent type="29" id="{a5691696-abbc-e511-80d4-d89d67641068}" behavior="0" />
      <RootComponent type="29" id="{a6b42487-ae3f-4d79-8e0b-73fb65fd6b9c}" behavior="0" />
      <RootComponent type="29" id="{aaf4519b-7f3d-453f-853b-7e0b8f1bb570}" behavior="0" />
      <RootComponent type="29" id="{aed88687-b57b-488d-b4a7-db1d104f03c4}" behavior="0" />
      <RootComponent type="29" id="{af5cc8b0-3358-40c6-b32c-1781b0133f22}" behavior="0" />
      <RootComponent type="29" id="{b02bbd2f-1c59-46b2-bc1e-185caa458779}" behavior="0" />
      <RootComponent type="29" id="{b06d2163-b223-4350-b6c2-58f04c72f769}" behavior="0" />
      <RootComponent type="29" id="{b0a31a7a-12d7-e511-80d9-d89d67634e48}" behavior="0" />
      <RootComponent type="29" id="{b444a431-f764-4498-9f58-82ecf793fc9a}" behavior="0" />
      <RootComponent type="29" id="{b453de8d-0bfb-e511-80e4-d89d67639d08}" behavior="0" />
      <RootComponent type="29" id="{c058d7f4-0299-e511-80fa-3863bb348bb0}" behavior="0" />
      <RootComponent type="29" id="{c0d0c5f0-20cb-e511-80d5-d89d67641068}" behavior="0" />
      <RootComponent type="29" id="{c2e4fcfc-47c3-e511-80d7-d89d67639d08}" behavior="0" />
      <RootComponent type="29" id="{c3ce346d-aed7-e511-80db-d89d67634e48}" behavior="0" />
      <RootComponent type="29" id="{cdf8dc0c-dc69-e611-80e4-5065f38b4671}" behavior="0" />
      <RootComponent type="29" id="{cf70389e-12e5-e511-80df-d89d67639d08}" behavior="0" />
      <RootComponent type="29" id="{d01ac2b7-a06e-e611-80ea-5065f38bc571}" behavior="0" />
      <RootComponent type="29" id="{d1037bb1-1b8a-41fb-ad7a-e871fd3297d8}" behavior="0" />
      <RootComponent type="29" id="{d14a134d-2ff8-4bd0-bdb8-dc25afff52a9}" behavior="0" />
      <RootComponent type="29" id="{d19475ba-925b-42a1-b22b-a9902f13d8a0}" behavior="0" />
      <RootComponent type="29" id="{dd501e40-e9dd-4e3e-bd9a-d2e40f71c101}" behavior="0" />
      <RootComponent type="29" id="{e0f4a106-cb99-4607-89cb-2972d6810924}" behavior="0" />
      <RootComponent type="29" id="{e353ae44-3650-4ef6-a445-3c6e99bdb2a6}" behavior="0" />
      <RootComponent type="29" id="{e405048d-c0f6-e511-80e5-d89d6764365c}" behavior="0" />
      <RootComponent type="29" id="{e42fa803-5ec3-e511-80d7-d89d67639d08}" behavior="0" />
      <RootComponent type="29" id="{e56d839f-4adc-e511-80d7-d89d67641068}" behavior="0" />
      <RootComponent type="29" id="{edc13766-b154-e611-80e2-5065f38b4671}" behavior="0" />
      <RootComponent type="29" id="{f301a2a0-bba8-e511-80d2-d89d67641068}" behavior="0" />
      <RootComponent type="29" id="{f61c34e4-73f6-41eb-b05f-ffdc754326ea}" behavior="0" />
      <RootComponent type="29" id="{f6fd2b5a-89eb-4489-8170-6ffba378a1b8}" behavior="0" />
      <RootComponent type="29" id="{f81b3d46-10fb-e511-80e4-d89d67639d08}" behavior="0" />
      <RootComponent type="29" id="{f8803ba9-de8b-49ae-91bc-203c6e6fb927}" behavior="0" />
      <RootComponent type="29" id="{fb2fcd26-ff62-4d9b-8484-406dbc1c6c27}" behavior="0" />
      <RootComponent type="29" id="{fb82b39c-81c9-4cb8-8222-63acfdd6c82e}" behavior="0" />
      <RootComponent type="29" id="{fe421576-6a1d-4726-ac74-2665b0aa2cd5}" behavior="0" />
      <RootComponent type="29" id="{fe8c87b0-666b-e611-80ea-5065f38bc571}" behavior="0" />
      <RootComponent type="36" id="{0af73b58-06db-e511-80d7-d89d67641068}" behavior="0" />
      <RootComponent type="36" id="{739ff95c-1adb-e511-80d7-d89d67641068}" behavior="0" />
      <RootComponent type="36" id="{b0756fa7-9100-e611-80e5-d89d67639d08}" behavior="0" />
      <RootComponent type="60" id="{137c91ef-6cdc-49ff-a474-7b44198ba451}" behavior="0" />
      <RootComponent type="60" id="{15915835-b87c-49ec-9ffc-bfac3ac44ef1}" behavior="0" />
      <RootComponent type="60" id="{15915835-b87c-49ec-9ffc-bfac3ac44ef1}" behavior="0" />
      <RootComponent type="60" id="{1b051d7f-5c01-44c8-95db-921cfbe195dc}" behavior="0" />
      <RootComponent type="60" id="{1dfca7ff-8764-4a46-b11d-d433137cebe0}" behavior="0" />
      <RootComponent type="60" id="{1fed44d1-ae68-4a41-bd2b-f13acac4acfa}" behavior="0" />
      <RootComponent type="60" id="{22a3f7f7-2709-4bb4-bbca-754475938d68}" behavior="0" />
      <RootComponent type="60" id="{3bded2ca-b760-482b-84da-e4f26d01bd03}" behavior="0" />
      <RootComponent type="60" id="{3dab54d3-4363-422d-ba18-a1a884cfd34e}" behavior="0" />
      <RootComponent type="60" id="{42cc7084-5a69-4255-aea7-0bc43f2fe300}" behavior="0" />
      <RootComponent type="60" id="{4a0b37bc-70f2-419b-bd00-75f00af5d566}" behavior="0" />
      <RootComponent type="60" id="{56edcfe7-b4f3-4378-bab5-fc8f40db3af3}" />
      <RootComponent type="60" id="{69e5bd50-3d3e-47ca-aabc-d47bcbe59775}" />
      <RootComponent type="60" id="{6d6f4d7b-6a31-e611-80eb-d89d67639d08}" behavior="0" />
      <RootComponent type="60" id="{707fc57b-c5e6-471b-a180-e37ed28a38e2}" behavior="0" />
      <RootComponent type="60" id="{70ad8b15-e3f3-4d7d-9e4b-16cb4e51b484}" behavior="0" />
      <RootComponent type="60" id="{70ad8b15-e3f3-4d7d-9e4b-16cb4e51b484}" behavior="0" />
      <RootComponent type="60" id="{72903833-d899-4147-8179-29528b9a44bf}" behavior="0" />
      <RootComponent type="60" id="{74f83c6c-c079-45ac-8d74-91dd3710b074}" behavior="0" />
      <RootComponent type="60" id="{7fa18ae1-1627-4e15-ac1a-376799a02117}" behavior="0" />
      <RootComponent type="60" id="{842d4034-fe7b-e611-80e6-5065f38adad1}" behavior="0" />
      <RootComponent type="60" id="{8446227d-1637-4681-ad39-573caefa65c1}" behavior="0" />
      <RootComponent type="60" id="{8448b78f-8f42-454e-8e2a-f8196b0419af}" behavior="0" />
      <RootComponent type="60" id="{894cc46a-b0cb-4ab0-8bf6-200544e46a2d}" behavior="0" />
      <RootComponent type="60" id="{93014839-5a52-e611-80e3-5065f38adad1}" behavior="0" />
      <RootComponent type="60" id="{a640be62-63f6-4027-90d7-48c014a7c6f3}" behavior="0" />
      <RootComponent type="60" id="{a87eeb8f-a38b-42b7-b6ed-4616b0ffe340}" behavior="0" />
      <RootComponent type="60" id="{b397268a-adea-47a1-b41f-7c37d199f4da}" />
      <RootComponent type="60" id="{b5ae1c1b-efb2-4d8d-bc80-8afc0ff09a01}" behavior="0" />
      <RootComponent type="60" id="{b8908057-29c4-4864-8d4b-9160ca798522}" behavior="0" />
      <RootComponent type="60" id="{bdfd8251-df57-4713-be46-dd1f356cd2ee}" behavior="0" />
      <RootComponent type="60" id="{c514da73-a491-4b60-8f5e-0ae778c2b70e}" behavior="0" />
      <RootComponent type="60" id="{c9f7c8e8-324f-4ae4-9927-14efcba20d08}" behavior="0" />
      <RootComponent type="60" id="{d019ef56-1347-452a-8c66-919a1f8aedef}" behavior="0" />
      <RootComponent type="60" id="{d4737141-30e7-4931-a99a-4035c7f869de}" behavior="0" />
      <RootComponent type="60" id="{d598792c-3ff0-43f3-b3e3-bbd70b99e1a5}" behavior="0" />
      <RootComponent type="60" id="{d654f5c8-9476-4f67-8fdf-284696e5c712}" />
      <RootComponent type="60" id="{e6205b5e-46cb-4fff-b473-90d182942194}" behavior="0" />
      <RootComponent type="60" id="{e695afb8-9718-4615-8d80-82a3d82cf880}" behavior="0" />
      <RootComponent type="60" id="{e701e61b-2c7b-4743-a3ee-435020281234}" behavior="0" />
      <RootComponent type="60" id="{fa4a96f9-3e5b-46dc-a44e-64baff13babf}" behavior="0" />
      <RootComponent type="60" id="{fe493889-4b24-44c4-85d7-eed39b0b68a6}" behavior="0" />
      <RootComponent type="61" schemaName="pdt_/CSS/DTStyle.css" behavior="0" />
      <RootComponent type="61" schemaName="pdt_/Form/AccountScript.js" behavior="0" />
      <RootComponent type="61" schemaName="pdt_/Form/ContactsScript.js" behavior="0" />
      <RootComponent type="61" schemaName="pdt_/Form/DelegateFeedbackScript.js" behavior="0" />
      <RootComponent type="61" schemaName="pdt_/Form/DTUtility.js" behavior="0" />
      <RootComponent type="61" schemaName="pdt_/Form/InvoiceScript.js" behavior="0" />
      <RootComponent type="61" schemaName="pdt_/Form/TrainerCalenderScript.js" behavior="0" />
      <RootComponent type="61" schemaName="pdt_/Form/TrainerQualification.js" behavior="0" />
      <RootComponent type="61" schemaName="pdt_/Form/TrainingRequestScript.js" behavior="0" />
      <RootComponent type="61" schemaName="pdt_/HTML/BookingHistory.html" behavior="0" />
      <RootComponent type="61" schemaName="pdt_/HTML/DeliverableCourses.html" behavior="0" />
      <RootComponent type="61" schemaName="pdt_/HTML/RadiusMap.html" behavior="0" />
      <RootComponent type="61" schemaName="pdt_/Images/amber.png" behavior="0" />
      <RootComponent type="61" schemaName="pdt_/Images/bluelogo.jpg" behavior="0" />
      <RootComponent type="61" schemaName="pdt_/Images/bluelogo2.png" behavior="0" />
      <RootComponent type="61" schemaName="pdt_/Images/calendar16.png" behavior="0" />
      <RootComponent type="61" schemaName="pdt_/Images/calendar32.png" behavior="0" />
      <RootComponent type="61" schemaName="pdt_/Images/feedback16.png" behavior="0" />
      <RootComponent type="61" schemaName="pdt_/Images/feedback32.png" behavior="0" />
      <RootComponent type="61" schemaName="pdt_/Images/green.png" behavior="0" />
      <RootComponent type="61" schemaName="pdt_/Images/invoicebilled16.png" behavior="0" />
      <RootComponent type="61" schemaName="pdt_/Images/qualification16.png" behavior="0" />
      <RootComponent type="61" schemaName="pdt_/Images/qualification32.png" behavior="0" />
      <RootComponent type="61" schemaName="pdt_/Images/red.png" behavior="0" />
      <RootComponent type="61" schemaName="pdt_/Images/refresh16.png" behavior="0" />
      <RootComponent type="61" schemaName="pdt_/Images/refresh32.png" behavior="0" />
      <RootComponent type="61" schemaName="pdt_/Images/sequncenumber16.png" behavior="0" />
      <RootComponent type="61" schemaName="pdt_/Images/sequncenumber32.png" behavior="0" />
      <RootComponent type="61" schemaName="pdt_/Images/submit16.png" behavior="0" />
      <RootComponent type="61" schemaName="pdt_/Images/submit32.png" behavior="0" />
      <RootComponent type="61" schemaName="pdt_/Images/trainingsite.png" behavior="0" />
      <RootComponent type="61" schemaName="pdt_/Ribbon/RibbonScript.js" behavior="0" />
      <RootComponent type="61" schemaName="pdt_/Toolkit/jquery.js" behavior="0" />
      <RootComponent type="61" schemaName="pdt_/Toolkit/json2.js" behavior="0" />
      <RootComponent type="61" schemaName="pdt_/Toolkit/Process.js" behavior="0" />
      <RootComponent type="61" schemaName="pdt_/Toolkit/XrmServiceToolkit.js" behavior="0" />
      <RootComponent type="61" schemaName="pdt_/Toolkit/XrmServiceToolkit.min.js" behavior="0" />
      <RootComponent type="61" schemaName="pdt_chartMapConfig" behavior="0" />
      <RootComponent type="61" schemaName="pdt_Images/invoicebilled32.png" behavior="0" />
    </RootComponents>
    <MissingDependencies>
      <MissingDependency>
        <Required key="0" type="1" schemaName="mbs_pluginprofile" displayName="Plug-in Profile" solution="PluginProfiler (2.0.0.0)" />
        <Dependent key="1" type="1" schemaName="systemuser" displayName="User" />
      </MissingDependency>
      <MissingDependency>
        <Required key="2" type="1" schemaName="msdyn_wallsavedqueryusersettings" displayName="Filter" solution="ActivityFeedsCore (8.1.0.0)" />
        <Dependent key="1" type="1" schemaName="systemuser" displayName="User" />
      </MissingDependency>
      <MissingDependency>
        <Required key="3" type="61" schemaName="msdyn_/ActivityFeeds.Form.js" displayName="msdyn_/ActivityFeeds.Form.js" solution="ActivityFeedsCore (8.1.0.0)" />
        <Dependent key="4" type="60" displayName="Information" parentDisplayName="Contact" id="{894cc46a-b0cb-4ab0-8bf6-200544e46a2d}" />
      </MissingDependency>
      <MissingDependency>
        <Required key="5" type="61" schemaName="dd_chartMap.htm" displayName="dd_chartMap.htm" solution="ChartMaps (3.0.8.0)" />
        <Dependent key="6" type="59" schemaName="Contact Locations" displayName="Contact Locations" parentSchemaName="contact" parentDisplayName="Contact" id="{5eaeae12-dd9c-e511-8101-3863bb34ea08}" />
      </MissingDependency>
      <MissingDependency>
        <Required key="5" type="61" schemaName="dd_chartMap.htm" displayName="dd_chartMap.htm" solution="ChartMaps (3.0.8.0)" />
        <Dependent key="7" type="59" schemaName="Contact Locations" displayName="Contact Locations" parentSchemaName="contact" parentDisplayName="Contact" id="{e29c9daf-f69f-e511-80d2-2c59e5418d40}" />
      </MissingDependency>
      <MissingDependency>
        <Required key="8" type="61" schemaName="msdyn_/RecordWall.htm" displayName="msdyn_/RecordWall.htm" solution="ActivityFeedsCore (8.1.0.0)" />
        <Dependent key="4" type="60" displayName="Information" parentDisplayName="Contact" id="{894cc46a-b0cb-4ab0-8bf6-200544e46a2d}" />
      </MissingDependency>
      <MissingDependency>
        <Required key="5" type="61" schemaName="dd_chartMap.htm" displayName="dd_chartMap.htm" solution="ChartMaps (3.0.8.0)" />
        <Dependent key="9" type="59" schemaName="Contact Locations" displayName="Contact Locations" parentSchemaName="contact" parentDisplayName="Contact" id="{83e3db35-30a1-e511-80d3-2c59e5420648}" />
      </MissingDependency>
      <MissingDependency>
        <Required key="3" type="61" schemaName="msdyn_/ActivityFeeds.Form.js" displayName="msdyn_/ActivityFeeds.Form.js" solution="ActivityFeedsCore (8.1.0.0)" />
        <Dependent key="10" type="60" displayName="Information" parentDisplayName="User" id="{c0d7d7dd-afd0-4675-85fe-1cc5a48be6df}" />
      </MissingDependency>
      <MissingDependency>
        <Required key="8" type="61" schemaName="msdyn_/RecordWall.htm" displayName="msdyn_/RecordWall.htm" solution="ActivityFeedsCore (8.1.0.0)" />
        <Dependent key="10" type="60" displayName="Information" parentDisplayName="User" id="{c0d7d7dd-afd0-4675-85fe-1cc5a48be6df}" />
      </MissingDependency>
      <MissingDependency>
        <Required key="8" type="61" schemaName="msdyn_/RecordWall.htm" displayName="msdyn_/RecordWall.htm" solution="ActivityFeedsCore (8.1.0.0)" />
        <Dependent key="11" type="60" displayName="Information" parentDisplayName="Account" id="{b053a39a-041a-4356-acef-ddf00182762b}" />
      </MissingDependency>
      <MissingDependency>
        <Required key="3" type="61" schemaName="msdyn_/ActivityFeeds.Form.js" displayName="msdyn_/ActivityFeeds.Form.js" solution="ActivityFeedsCore (8.1.0.0)" />
        <Dependent key="11" type="60" displayName="Information" parentDisplayName="Account" id="{b053a39a-041a-4356-acef-ddf00182762b}" />
      </MissingDependency>
      <MissingDependency>
        <Required key="5" type="61" schemaName="dd_chartMap.htm" displayName="dd_chartMap.htm" solution="ChartMaps (3.0.8.0)" />
        <Dependent key="12" type="59" schemaName="Account Locations" displayName="Account Locations" parentSchemaName="account" parentDisplayName="Account" id="{7ee3db35-30a1-e511-80d3-2c59e5420648}" />
      </MissingDependency>
      <MissingDependency>
        <Required key="5" type="61" schemaName="dd_chartMap.htm" displayName="dd_chartMap.htm" solution="ChartMaps (3.0.8.0)" />
        <Dependent key="13" type="59" schemaName="Account Locations" displayName="Account Locations" parentSchemaName="account" parentDisplayName="Account" id="{df9c9daf-f69f-e511-80d2-2c59e5418d40}" />
      </MissingDependency>
      <MissingDependency>
        <Required key="5" type="61" schemaName="dd_chartMap.htm" displayName="dd_chartMap.htm" solution="ChartMaps (3.0.8.0)" />
        <Dependent key="14" type="59" schemaName="Account Locations" displayName="Account Locations" parentSchemaName="account" parentDisplayName="Account" id="{814f840c-dd9c-e511-8101-3863bb34ea08}" />
      </MissingDependency>
    </MissingDependencies>
  </SolutionManifest>
</ImportExportXml>